-- ----------------------------
-- Mock Data Script for campus_forum
-- All passwords are '123456'
-- ----------------------------

USE `campus_forum`;

-- Clean old data
SET FOREIGN_KEY_CHECKS = 0;
DELETE FROM `favorite`;
DELETE FROM `like`;
DELETE FROM `comment`;
DELETE FROM `post`;
DELETE FROM `partition`;
DELETE FROM `user`;
DELETE FROM `message`;
DELETE FROM `notification`;
SET FOREIGN_KEY_CHECKS = 1;

-- Reset auto-increment
ALTER TABLE `user` AUTO_INCREMENT = 1;
ALTER TABLE `post` AUTO_INCREMENT = 1;
ALTER TABLE `comment` AUTO_INCREMENT = 1;
ALTER TABLE `message` AUTO_INCREMENT = 1;
ALTER TABLE `favorite` AUTO_INCREMENT = 1;
ALTER TABLE `like` AUTO_INCREMENT = 1;
ALTER TABLE `notification` AUTO_INCREMENT = 1;

-- ----------------------------
-- Mock Partitions
-- ----------------------------
INSERT INTO `partition` (`id`, `name`, `description`, `post_count`, `create_time`) VALUES
(1, '考研', '考研经验分享、资料推荐、复习计划讨论', 0, '2025-01-01 00:00:00'),
(2, '保研', '保研夏令营、推免经验、面试技巧分享', 0, '2025-01-01 00:00:00'),
(3, '竞赛', '各类学科竞赛、创新创业大赛组队交流', 0, '2025-01-01 00:00:00'),
(4, '二手交易', '二手物品交易、闲置物品转让', 0, '2025-01-01 00:00:00'),
(5, '日常', '校园生活、学习交流、日常闲聊', 0, '2025-01-01 00:00:00');

-- ----------------------------
-- Mock Users (IDs 1-10)
-- ----------------------------
INSERT INTO `user` (`id`, `username`, `password`, `salt`, `email`, `type`, `status`, `avatar_url`, `introduction`, `create_time`) VALUES
(1, 'user1', 'ce934f2d733561a4f585d5f470701b56', 'a1b2c', 'user1@example.com', 0, 1, 'http://images.nowcoder.com/head/101t.png', '这个人很懒，什么都没有留下...', '2025-01-10 10:00:00'),
(2, 'user2', 'd729a6b5d39d82e1e4cf19131a393cf2', 'd3e4f', 'user2@example.com', 0, 1, 'http://images.nowcoder.com/head/102t.png', '这个人很懒，什么都没有留下...', '2025-01-11 11:00:00'),
(3, 'user3', '26b567269151833ea52d7e3557e98a3f', 'g5h6i', 'user3@example.com', 0, 1, 'http://images.nowcoder.com/head/103t.png', '这个人很懒，什么都没有留下...', '2025-01-12 12:00:00'),
(4, 'user4', '3a97711c5b811de9f8d16854f0a055d7', 'j7k8l', 'user4@example.com', 0, 1, 'http://images.nowcoder.com/head/104t.png', '这个人很懒，什么都没有留下...', '2025-01-13 13:00:00'),
(5, 'user5', 'f4955a6c97a25530a21319323758b2e1', 'm9n0o', 'user5@example.com', 0, 1, 'http://images.nowcoder.com/head/105t.png', '这个人很懒，什么都没有留下...', '2025-01-14 14:00:00'),
(6, 'user6', 'b8830883b448655259968a355f532a31', 'p1q2r', 'user6@example.com', 0, 1, 'http://images.nowcoder.com/head/106t.png', '这个人很懒，什么都没有留下...', '2025-01-15 15:00:00'),
(7, 'user7', '18b104036e55181b553e46c7604557a5', 's3t4u', 'user7@example.com', 0, 1, 'http://images.nowcoder.com/head/107t.png', '这个人很懒，什么都没有留下...', '2025-01-16 16:00:00'),
(8, 'user8', 'd35b542e77e384e062a439c21f8a8e9e', 'v5w6x', 'user8@example.com', 0, 1, 'http://images.nowcoder.com/head/108t.png', '这个人很懒，什么都没有留下...', '2025-01-17 17:00:00'),
(9, 'user9', '7d8c545f126f555c963a7f804561e15b', 'y7z8a', 'user9@example.com', 0, 1, 'http://images.nowcoder.com/head/109t.png', '这个人很懒，什么都没有留下...', '2025-01-18 18:00:00'),
(10, 'admin', '2580131f40fac24afe7c1e3381a89cf6', 'b9c0d', 'admin@example.com', 1, 1, 'http://images.nowcoder.com/head/110t.png', '系统管理员', '2025-01-19 19:00:00');

-- ----------------------------
-- Mock Posts (Distributed across partitions)
-- ----------------------------
INSERT INTO `post` (`id`, `user_id`, `partition_id`, `title`, `content`, `type`, `status`, `create_time`, `comment_count`, `like_count`, `favorite_count`, `view_count`) VALUES
-- Partition 1: 考研
(1, 1, 1, '2026考研数学一难度会如何？', '感觉今年的数学特别难，不知道明年会不会简单一点，大家有什么看法？', 0, 0, '2025-03-01 10:00:00', 3, 15, 8, 120),
(2, 2, 1, '求一份靠谱的政治考研复习资料', '市面上的资料太多了，求推荐！', 0, 0, '2025-03-02 11:00:00', 2, 8, 5, 85),
(3, 3, 1, '英语一阅读理解技巧分享', '经过一年的复习，总结了一些阅读理解的技巧，希望对大家有帮助。', 0, 0, '2025-03-05 14:00:00', 5, 22, 12, 200),
-- Partition 2: 保研
(4, 4, 2, '计算机专业保研夏令营面试经验', '分享一下面试中被问到的问题，希望能帮助到大家。', 0, 0, '2025-04-01 12:00:00', 4, 18, 9, 150),
(5, 5, 2, '保研边缘人，如何最大化自己的机会？', '成绩在保研边缘，有点焦虑，求技巧分享。', 0, 0, '2025-04-05 13:00:00', 6, 12, 7, 95),
(6, 6, 2, '保研材料准备清单', '整理了一份保研材料准备清单，需要的同学可以看看。', 0, 0, '2025-04-08 15:00:00', 3, 25, 15, 180),
-- Partition 3: 竞赛
(7, 7, 3, '"挑战杯"竞赛组队，来一个会做PPT的大佬', '项目技术人员已齐，缺一个审美在线、会做商业计划书和PPT的大佬。', 0, 0, '2025-05-10 14:00:00', 2, 5, 3, 60),
(8, 8, 3, '数学建模美赛要开始了，你准备好了吗？', '美赛要肝三天三夜，大家开始找队友、刷真题了吗？', 0, 0, '2025-05-12 15:00:00', 4, 10, 6, 110),
(9, 9, 3, 'ACM竞赛刷题经验分享', '从零基础到区域赛银牌，分享一下我的刷题经验。', 0, 0, '2025-05-15 16:00:00', 7, 30, 18, 250),
-- Partition 4: 二手交易
(10, 1, 4, '【出】九成新Kindle Paperwhite 4', '买了没怎么用，价格可小刀，走闲鱼。', 0, 0, '2025-06-01 16:00:00', 1, 3, 2, 45),
(11, 2, 4, '【收】一辆二手自行车，代步用', '新校区太大，没车寸步难行，求一辆便宜皮实的二手自行车。', 0, 0, '2025-06-03 17:00:00', 2, 1, 1, 30),
(12, 3, 4, '【出】考研英语真题集', '2020-2024年真题，有详细解析，几乎全新。', 0, 0, '2025-06-05 18:00:00', 0, 2, 1, 25),
-- Partition 5: 日常
(13, 4, 5, '学校东门新开的那家麻辣烫味道怎么样？', '路过好几次了，有没有去吃过的同学来说说味道如何？', 0, 0, '2025-07-15 18:00:00', 3, 6, 4, 80),
(14, 5, 5, '有人知道图书馆预约系统又崩了吗？', '早上起来想约个座位，结果一直转圈圈，是我的问题还是系统的问题？', 0, 0, '2025-07-20 19:00:00', 2, 4, 2, 55),
(15, 6, 5, '期末考试复习计划分享', '还有一个月就期末考试了，分享一下我的复习计划，大家一起加油！', 0, 0, '2025-07-25 20:00:00', 5, 20, 10, 160);

-- ----------------------------
-- Mock Comments
-- ----------------------------
-- Comments for Post 1
INSERT INTO `comment` (`id`, `user_id`, `entity_type`, `entity_id`, `target_id`, `content`, `status`, `like_count`, `create_time`) VALUES
(1, 2, 1, 1, 0, '同感，感觉一年比一年卷了。', 0, 3, '2025-03-01 10:05:00'),
(2, 3, 1, 1, 0, '我还在复习高数，进度好慢啊。', 0, 1, '2025-03-01 10:15:00'),
(3, 4, 1, 1, 0, '建议多做真题，掌握出题规律。', 0, 5, '2025-03-01 11:00:00');

-- Comments for Post 4
INSERT INTO `comment` (`id`, `user_id`, `entity_type`, `entity_id`, `target_id`, `content`, `status`, `like_count`, `create_time`) VALUES
(4, 1, 1, 4, 0, '感谢分享！非常有帮助！', 0, 2, '2025-04-01 12:30:00'),
(5, 5, 1, 4, 0, '请问学长绩点多少呀？', 0, 0, '2025-04-02 09:00:00'),
(6, 6, 1, 4, 0, '面试官主要关注哪些方面？', 0, 1, '2025-04-02 10:00:00'),
(7, 7, 1, 4, 0, '项目经历重要吗？', 0, 3, '2025-04-02 11:00:00');

-- Comments for Post 9
INSERT INTO `comment` (`id`, `user_id`, `entity_type`, `entity_id`, `target_id`, `content`, `status`, `like_count`, `create_time`) VALUES
(8, 1, 1, 9, 0, '感谢分享，正在准备ACM。', 0, 4, '2025-05-15 17:00:00'),
(9, 2, 1, 9, 0, '刷题平台推荐哪个？', 0, 2, '2025-05-15 18:00:00'),
(10, 3, 1, 9, 0, '算法基础怎么打？', 0, 1, '2025-05-15 19:00:00'),
(11, 4, 1, 9, 0, '时间复杂度分析有技巧吗？', 0, 3, '2025-05-15 20:00:00'),
(12, 5, 1, 9, 0, '动态规划怎么入门？', 0, 2, '2025-05-15 21:00:00'),
(13, 6, 1, 9, 0, '图论算法推荐看哪些？', 0, 1, '2025-05-15 22:00:00'),
(14, 7, 1, 9, 0, '比赛策略有什么建议？', 0, 4, '2025-05-16 08:00:00');

-- Comments for Post 13
INSERT INTO `comment` (`id`, `user_id`, `entity_type`, `entity_id`, `target_id`, `content`, `status`, `like_count`, `create_time`) VALUES
(15, 1, 1, 13, 0, '味道不错，价格也还行，可以一试。', 0, 2, '2025-07-15 19:00:00'),
(16, 2, 1, 13, 0, '汤底很香，推荐！', 0, 1, '2025-07-15 20:00:00'),
(17, 3, 1, 13, 0, '分量有点少，不过味道确实可以。', 0, 0, '2025-07-15 21:00:00');

-- Comments for Post 15
INSERT INTO `comment` (`id`, `user_id`, `entity_type`, `entity_id`, `target_id`, `content`, `status`, `like_count`, `create_time`) VALUES
(18, 1, 1, 15, 0, '一起加油！', 0, 3, '2025-07-25 21:00:00'),
(19, 2, 1, 15, 0, '复习计划很详细，参考了！', 0, 2, '2025-07-25 22:00:00'),
(20, 3, 1, 15, 0, '时间安排很合理。', 0, 1, '2025-07-26 08:00:00'),
(21, 4, 1, 15, 0, '有什么好的复习资料推荐吗？', 0, 0, '2025-07-26 09:00:00'),
(22, 5, 1, 15, 0, '考试重点怎么把握？', 0, 2, '2025-07-26 10:00:00');

-- ----------------------------
-- Mock Likes
-- ----------------------------
-- Likes for posts
INSERT INTO `like` (`id`, `user_id`, `entity_type`, `entity_id`, `entity_user_id`, `status`, `create_time`) VALUES
(1, 2, 1, 1, 1, 1, '2025-03-01 10:30:00'),
(2, 3, 1, 1, 1, 1, '2025-03-01 11:00:00'),
(3, 4, 1, 1, 1, 1, '2025-03-01 12:00:00'),
(4, 5, 1, 1, 1, 1, '2025-03-01 13:00:00'),
(5, 6, 1, 1, 1, 1, '2025-03-01 14:00:00'),
(6, 7, 1, 1, 1, 1, '2025-03-01 15:00:00'),
(7, 8, 1, 1, 1, 1, '2025-03-01 16:00:00'),
(8, 9, 1, 1, 1, 1, '2025-03-01 17:00:00'),
(9, 10, 1, 1, 1, 1, '2025-03-01 18:00:00'),
(10, 1, 1, 3, 3, 1, '2025-03-05 15:00:00'),
(11, 2, 1, 3, 3, 1, '2025-03-05 16:00:00'),
(12, 4, 1, 3, 3, 1, '2025-03-05 17:00:00'),
(13, 5, 1, 3, 3, 1, '2025-03-05 18:00:00'),
(14, 6, 1, 3, 3, 1, '2025-03-05 19:00:00'),
(15, 7, 1, 3, 3, 1, '2025-03-05 20:00:00'),
(16, 8, 1, 3, 3, 1, '2025-03-05 21:00:00'),
(17, 9, 1, 3, 3, 1, '2025-03-05 22:00:00'),
(18, 10, 1, 3, 3, 1, '2025-03-06 08:00:00'),
(19, 1, 1, 4, 4, 1, '2025-04-01 13:00:00'),
(20, 2, 1, 4, 4, 1, '2025-04-01 14:00:00'),
(21, 3, 1, 4, 4, 1, '2025-04-01 15:00:00'),
(22, 5, 1, 4, 4, 1, '2025-04-01 16:00:00'),
(23, 6, 1, 4, 4, 1, '2025-04-01 17:00:00'),
(24, 7, 1, 4, 4, 1, '2025-04-01 18:00:00'),
(25, 8, 1, 4, 4, 1, '2025-04-01 19:00:00'),
(26, 9, 1, 4, 4, 1, '2025-04-01 20:00:00'),
(27, 10, 1, 4, 4, 1, '2025-04-01 21:00:00'),
(28, 1, 1, 6, 6, 1, '2025-04-08 16:00:00'),
(29, 2, 1, 6, 6, 1, '2025-04-08 17:00:00'),
(30, 3, 1, 6, 6, 1, '2025-04-08 18:00:00'),
(31, 4, 1, 6, 6, 1, '2025-04-08 19:00:00'),
(32, 5, 1, 6, 6, 1, '2025-04-08 20:00:00'),
(33, 7, 1, 6, 6, 1, '2025-04-08 21:00:00'),
(34, 8, 1, 6, 6, 1, '2025-04-08 22:00:00'),
(35, 9, 1, 6, 6, 1, '2025-04-09 08:00:00'),
(36, 10, 1, 6, 6, 1, '2025-04-09 09:00:00'),
(37, 1, 1, 9, 9, 1, '2025-05-15 17:00:00'),
(38, 2, 1, 9, 9, 1, '2025-05-15 18:00:00'),
(39, 3, 1, 9, 9, 1, '2025-05-15 19:00:00'),
(40, 4, 1, 9, 9, 1, '2025-05-15 20:00:00'),
(41, 5, 1, 9, 9, 1, '2025-05-15 21:00:00'),
(42, 6, 1, 9, 9, 1, '2025-05-15 22:00:00'),
(43, 7, 1, 9, 9, 1, '2025-05-16 08:00:00'),
(44, 8, 1, 9, 9, 1, '2025-05-16 09:00:00'),
(45, 10, 1, 9, 9, 1, '2025-05-16 10:00:00'),
(46, 1, 1, 15, 6, 1, '2025-07-25 21:00:00'),
(47, 2, 1, 15, 6, 1, '2025-07-25 22:00:00'),
(48, 3, 1, 15, 6, 1, '2025-07-26 08:00:00'),
(49, 4, 1, 15, 6, 1, '2025-07-26 09:00:00'),
(50, 5, 1, 15, 6, 1, '2025-07-26 10:00:00');

-- Likes for comments
INSERT INTO `like` (`id`, `user_id`, `entity_type`, `entity_id`, `entity_user_id`, `status`, `create_time`) VALUES
(51, 1, 2, 1, 2, 1, '2025-03-01 10:10:00'),
(52, 3, 2, 1, 2, 1, '2025-03-01 10:20:00'),
(53, 4, 2, 1, 2, 1, '2025-03-01 10:30:00'),
(54, 1, 2, 3, 4, 1, '2025-03-01 11:05:00'),
(55, 2, 2, 3, 4, 1, '2025-03-01 11:10:00'),
(56, 3, 2, 3, 4, 1, '2025-03-01 11:15:00'),
(57, 5, 2, 3, 4, 1, '2025-03-01 11:20:00'),
(58, 6, 2, 3, 4, 1, '2025-03-01 11:25:00');

-- ----------------------------
-- Mock Favorites
-- ----------------------------
INSERT INTO `favorite` (`id`, `user_id`, `post_id`, `create_time`) VALUES
(1, 2, 1, '2025-03-01 10:30:00'),
(2, 3, 1, '2025-03-01 11:00:00'),
(3, 4, 1, '2025-03-01 12:00:00'),
(4, 5, 1, '2025-03-01 13:00:00'),
(5, 6, 1, '2025-03-01 14:00:00'),
(6, 7, 1, '2025-03-01 15:00:00'),
(7, 8, 1, '2025-03-01 16:00:00'),
(8, 9, 1, '2025-03-01 17:00:00'),
(9, 1, 3, '2025-03-05 15:00:00'),
(10, 2, 3, '2025-03-05 16:00:00'),
(11, 4, 3, '2025-03-05 17:00:00'),
(12, 5, 3, '2025-03-05 18:00:00'),
(13, 6, 3, '2025-03-05 19:00:00'),
(14, 7, 3, '2025-03-05 20:00:00'),
(15, 8, 3, '2025-03-05 21:00:00'),
(16, 9, 3, '2025-03-05 22:00:00'),
(17, 10, 3, '2025-03-06 08:00:00'),
(18, 1, 4, '2025-04-01 13:00:00'),
(19, 2, 4, '2025-04-01 14:00:00'),
(20, 3, 4, '2025-04-01 15:00:00'),
(21, 5, 4, '2025-04-01 16:00:00'),
(22, 6, 4, '2025-04-01 17:00:00'),
(23, 7, 4, '2025-04-01 18:00:00'),
(24, 8, 4, '2025-04-01 19:00:00'),
(25, 9, 4, '2025-04-01 20:00:00'),
(26, 1, 6, '2025-04-08 16:00:00'),
(27, 2, 6, '2025-04-08 17:00:00'),
(28, 3, 6, '2025-04-08 18:00:00'),
(29, 4, 6, '2025-04-08 19:00:00'),
(30, 5, 6, '2025-04-08 20:00:00'),
(31, 7, 6, '2025-04-08 21:00:00'),
(32, 8, 6, '2025-04-08 22:00:00'),
(33, 9, 6, '2025-04-09 08:00:00'),
(34, 10, 6, '2025-04-09 09:00:00'),
(35, 1, 9, '2025-05-15 17:00:00'),
(36, 2, 9, '2025-05-15 18:00:00'),
(37, 3, 9, '2025-05-15 19:00:00'),
(38, 4, 9, '2025-05-15 20:00:00'),
(39, 5, 9, '2025-05-15 21:00:00'),
(40, 6, 9, '2025-05-15 22:00:00'),
(41, 7, 9, '2025-05-16 08:00:00'),
(42, 8, 9, '2025-05-16 09:00:00'),
(43, 10, 9, '2025-05-16 10:00:00'),
(44, 1, 15, '2025-07-25 21:00:00'),
(45, 2, 15, '2025-07-25 22:00:00'),
(46, 3, 15, '2025-07-26 08:00:00'),
(47, 4, 15, '2025-07-26 09:00:00'),
(48, 5, 15, '2025-07-26 10:00:00');

-- ----------------------------
-- Mock Messages (Private Messages)
-- ----------------------------
INSERT INTO `message` (`id`, `from_id`, `to_id`, `conversation_id`, `content`, `status`, `create_time`) VALUES
(1, 2, 1, '2_1', '你好，关于考研数学的问题想请教一下', 0, '2025-03-01 20:00:00'),
(2, 1, 2, '2_1', '好的，有什么问题尽管问', 0, '2025-03-01 20:05:00'),
(3, 3, 4, '3_4', '保研面试经验很实用，谢谢分享', 0, '2025-04-01 21:00:00'),
(4, 4, 3, '3_4', '不客气，希望能帮到你', 0, '2025-04-01 21:10:00'),
(5, 5, 6, '5_6', '保研材料准备有什么建议吗？', 0, '2025-04-08 22:00:00'),
(6, 6, 5, '5_6', '建议提前准备，材料要齐全', 0, '2025-04-08 22:15:00');

-- ----------------------------
-- Mock Notifications
-- ----------------------------
INSERT INTO `notification` (`id`, `notifier_id`, `receiver_id`, `outer_id`, `type`, `status`, `create_time`) VALUES
(1, 2, 1, 1, 1, 0, '2025-03-01 10:05:00'), -- 评论通知
(2, 3, 1, 1, 1, 0, '2025-03-01 10:15:00'), -- 评论通知
(3, 4, 1, 1, 1, 0, '2025-03-01 11:00:00'), -- 评论通知
(4, 2, 1, 1, 2, 0, '2025-03-01 10:30:00'), -- 点赞通知
(5, 3, 1, 1, 2, 0, '2025-03-01 11:00:00'), -- 点赞通知
(6, 4, 1, 1, 2, 0, '2025-03-01 12:00:00'), -- 点赞通知
(7, 5, 1, 1, 2, 0, '2025-03-01 13:00:00'), -- 点赞通知
(8, 6, 1, 1, 2, 0, '2025-03-01 14:00:00'), -- 点赞通知
(9, 7, 1, 1, 2, 0, '2025-03-01 15:00:00'), -- 点赞通知
(10, 8, 1, 1, 2, 0, '2025-03-01 16:00:00'), -- 点赞通知
(11, 9, 1, 1, 2, 0, '2025-03-01 17:00:00'), -- 点赞通知
(12, 10, 1, 1, 2, 0, '2025-03-01 18:00:00'), -- 点赞通知
(13, 1, 4, 4, 1, 0, '2025-04-01 12:30:00'), -- 评论通知
(14, 5, 4, 4, 1, 0, '2025-04-02 09:00:00'), -- 评论通知
(15, 6, 4, 4, 1, 0, '2025-04-02 10:00:00'), -- 评论通知
(16, 7, 4, 4, 1, 0, '2025-04-02 11:00:00'), -- 评论通知
(17, 1, 4, 4, 2, 0, '2025-04-01 13:00:00'), -- 点赞通知
(18, 2, 4, 4, 2, 0, '2025-04-01 14:00:00'), -- 点赞通知
(19, 3, 4, 4, 2, 0, '2025-04-01 15:00:00'), -- 点赞通知
(20, 5, 4, 4, 2, 0, '2025-04-01 16:00:00'), -- 点赞通知
(21, 6, 4, 4, 2, 0, '2025-04-01 17:00:00'), -- 点赞通知
(22, 7, 4, 4, 2, 0, '2025-04-01 18:00:00'), -- 点赞通知
(23, 8, 4, 4, 2, 0, '2025-04-01 19:00:00'), -- 点赞通知
(24, 9, 4, 4, 2, 0, '2025-04-01 20:00:00'), -- 点赞通知
(25, 10, 4, 4, 2, 0, '2025-04-01 21:00:00'); -- 点赞通知

-- ----------------------------
-- Update partition post counts
-- ----------------------------
UPDATE `partition` SET `post_count` = 3 WHERE `id` = 1;
UPDATE `partition` SET `post_count` = 3 WHERE `id` = 2;
UPDATE `partition` SET `post_count` = 3 WHERE `id` = 3;
UPDATE `partition` SET `post_count` = 3 WHERE `id` = 4;
UPDATE `partition` SET `post_count` = 3 WHERE `id` = 5;

-- ----------------------------
-- Complete
-- ----------------------------
SELECT 'Mock data insertion completed successfully!' as message;